Trade #,Direction,Entry Price,Entry Time,Exit Price,Exit Time,PnL,Balance4
32,SHORT,92186.72,2025-12-10 19:00:00,92939.53,2025-12-10 19:10:00,-82.69,9568.09
33,LONG,92939.53,2025-12-10 19:10:00,93288.06,2025-12-10 20:50:00,32.03,9596.29
34,SHORT,93288.06,2025-12-10 20:50:00,92205.16,2025-12-10 22:20:00,107.55,9700.00
35,LONG,92561.83,2025-12-10 18:30:00,92186.72,2025-12-10 19:00:00,-43.16,9652.96
36,SHORT,92186.72,2025-12-10 19:00:00,92918.51,2025-12-10 19:10:00,-80.48,9568.63
37,LONG,92918.51,2025-12-10 19:10:00,93256.52,2025-12-10 20:50:00,30.96,9595.76
38,SHORT,93256.52,2025-12-10 20:50:00,92205.16,2025-12-10 22:20:00,104.33,9696.26
39,LONG,92591.42,2025-12-10 18:35:00,92186.72,2025-12-10 19:00:00,-46.23,9646.15
40,SHORT,92186.72,2025-12-10 19:00:00,92977.67,2025-12-10 19:10:00,-86.61,9555.68
41,LONG,92977.67,2025-12-10 19:10:00,93345.26,2025-12-10 20:50:00,33.93,9585.79
42,SHORT,93345.26,2025-12-10 20:50:00,92205.16,2025-12-10 21:05:00,113.23,9695.20
43,LONG,92581.40,2025-12-10 18:35:00,92186.72,2025-12-10 19:00:00,-45.18,9646.14
44,SHORT,92186.72,2025-12-10 19:00:00,92957.64,2025-12-10 19:10:00,-84.52,9557.77
45,LONG,92957.64,2025-12-10 19:10:00,93315.22,2025-12-10 20:50:00,32.92,9586.86
46,SHORT,93315.22,2025-12-10 20:50:00,92205.16,2025-12-10 22:20:00,110.20,9693.23
47,LONG,92570.68,2025-12-10 18:35:00,92186.72,2025-12-10 19:00:00,-44.05,9645.30
48,SHORT,92186.72,2025-12-10 19:00:00,92936.20,2025-12-10 19:10:00,-82.27,9559.18
49,LONG,92936.20,2025-12-10 19:10:00,93283.07,2025-12-10 20:50:00,31.83,9587.
1,LONG,93609.33,2025-12-10 20:10:00,92186.72,2025-12-10 21:05:00,-155.87,9840.14
2,SHORT,92186.72,2025-12-10 21:05:00,92205.16,2025-12-10 21:05:00,-5.90,9830.30
3,LONG,93608.86,2025-12-10 20:10:00,92186.72,2025-12-10 21:05:00,-153.17,9673.20
4,SHORT,92186.72,2025-12-10 21:05:00,92205.16,2025-12-10 21:05:00,-5.80,9663.53
5,LONG,93582.44,2025-12-10 20:10:00,92186.72,2025-12-10 21:05:00,-147.89,9511.77
6,SHORT,92186.72,2025-12-10 21:05:00,92205.16,2025-12-10 21:05:00,-5.71,9502.27
7,LONG,93492.09,2025-12-10 20:05:00,92830.06,2025-12-10 20:50:00,-71.04,9427.43
8,SHORT,92830.06,2025-12-10 20:50:00,92205.16,2025-12-10 21:05:00,59.69,9483.34
9,LONG,93163.10,2025-12-10 20:05:00,93144.47,2025-12-10 20:50:00,-5.69,9473.86
10,SHORT,93144.47,2025-12-10 20:50:00,92205.16,2025-12-10 21:05:00,91.74,9561.82
11,LONG,93134.94,2025-12-10 19:30:00,93116.31,2025-12-10 20:50:00,-5.73,9552.26
12,SHORT,93116.31,2025-12-10 20:50:00,92205.16,2025-12-10 21:05:00,89.64,9638.08
13,LONG,92623.41,2025-12-10 18:35:00,93023.05,2025-12-10 20:50:00,37.70,9671.93
14,SHORT,93023.05,2025-12-10 20:50:00,92205.16,2025-12-10 21:05:00,81.16,9749.23
15,LONG,92591.82,2025-12-10 18:35:00,92186.72,2025-12-10 19:00:00,-46.52,9698.81
16,SHORT,92186.72,2025-12-10 19:00:00,92978.49,2025-12-10 19:10:00,-87.17,9607.76
17,LONG,92978.49,2025-12-10 19:10:00,93346.48,2025-12-10 20:50:00,34.16,9638.07
18,SHORT,93346.48,2025-12-10 20:50:00,92205.16,2025-12-10 21:05:00,113.98,9748.20
19,LONG,92577.08,2025-12-10 18:35:00,92186.72,2025-12-10 19:00:00,-44.97,9699.33
20,SHORT,92186.72,2025-12-10 19:00:00,92949.01,2025-12-10 19:10:00,-84.07,9611.38
21,LONG,92949.01,2025-12-10 19:10:00,93302.27,2025-12-10 20:50:00,32.66,9640.19
22,SHORT,93302.27,2025-12-10 20:50:00,92577.08,2025-12-10 21:50:00,71.07,9707.40
23,LONG,92570.55,2025-12-10 18:30:00,92186.72,2025-12-10 19:00:00,-44.10,9659.42
24,SHORT,92186.72,2025-12-10 19:00:00,92935.94,2025-12-10 19:10:00,-82.36,9573.20
25,LONG,92935.94,2025-12-10 19:10:00,93282.67,2025-12-10 20:50:00,31.86,9601.23
26,SHORT,93282.67,2025-12-10 20:50:00,92205.16,2025-12-10 22:20:00,107.05,9704.45
27,LONG,92584.84,2025-12-10 18:35:00,92186.72,2025-12-10 19:00:00,-45.58,9654.99
28,SHORT,92186.72,2025-12-10 19:00:00,92964.52,2025-12-10 19:10:00,-85.31,9565.81
29,LONG,92964.52,2025-12-10 19:10:00,93325.54,2025-12-10 20:50:00,33.30,9595.29
30,SHORT,93325.54,2025-12-10 20:50:00,92205.16,2025-12-10 21:05:00,111.34,9702.79
31,LONG,92572.34,2025-12-10 18:35:00,92186.72,2025-12-10 19:00:00,-44.27,9654.619
50,SHORT,93283.07,2025-12-10 20:50:00,92570.68,2025-12-10 22:45:00,69.38,9652.73
51,LONG,92578.40,2025-12-10 18:35:00,92186.72,2025-12-10 19:00:00,-44.67,9604.20
52,SHORT,92186.72,2025-12-10 19:00:00,92951.65,2025-12-10 19:10:00,-83.52,9516.84
53,LONG,92951.65,2025-12-10 19:10:00,93306.23,2025-12-10 20:50:00,32.47,9545.50
54,SHORT,93306.23,2025-12-10 20:50:00,92578.40,2025-12-10 22:55:00,70.63,9612.32
55,LONG,92567.41,2025-12-10 18:30:00,92186.72,2025-12-10 19:00:00,-43.35,9565.13
56,SHORT,92186.72,2025-12-10 19:00:00,92929.66,2025-12-10 19:10:00,-80.90,9480.40
57,LONG,92929.66,2025-12-10 19:10:00,93273.26,2025-12-10 20:50:00,31.24,9507.85
58,SHORT,93273.26,2025-12-10 20:50:00,92567.41,2025-12-10 22:45:00,68.14,9572.19
59,LONG,92588.87,2025-12-10 18:35:00,92186.72,2025-12-10 19:00:00,-45.37,9522.99
60,SHORT,92186.72,2025-12-10 19:00:00,92972.57,2025-12-10 19:10:00,-84.98,9434.20
61,LONG,92972.57,2025-12-10 19:10:00,93337.61,2025-12-10 20:50:00,33.24,9463.67
62,SHORT,93337.61,2025-12-10 20:50:00,92588.87,2025-12-10 22:55:00,72.13,9532.01
63,LONG,92581.71,2025-12-10 18:35:00,92186.72,2025-12-10 19:00:00,-44.45,9483.75
64,SHORT,92186.72,2025-12-10 19:00:00,92958.27,2025-12-10 19:10:00,-83.16,9396.80
65,LONG,92958.27,2025-12-10 19:10:00,93316.16,2025-12-10 20:50:00,32.39,9425.44
66,SHORT,93316.16,2025-12-10 20:50:00,92581.71,2025-12-10 22:55:00,70.41,9492.08
67,LONG,92584.43,2025-12-10 18:35:00,92186.72,2025-12-10 19:00:00,-44.54,9443.74
68,SHORT,92186.72,2025-12-10 19:00:00,92963.70,2025-12-10 19:10:00,-83.36,9356.60
69,LONG,92963.70,2025-12-10 19:10:00,93324.31,2025-12-10 20:50:00,32.53,9385.39
70,SHORT,93324.31,2025-12-10 20:50:00,92584.43,2025-12-10 22:55:00,70.65,9452.28
71,LONG,92561.08,2025-12-10 18:30:00,92186.72,2025-12-10 19:00:00,-41.98,9406.52
72,SHORT,92186.72,2025-12-10 19:00:00,92917.00,2025-12-10 19:10:00,-78.27,9324.49
73,LONG,92917.00,2025-12-10 19:10:00,93254.26,2025-12-10 20:50:00,30.09,9350.86
74,SHORT,93254.26,2025-12-10 20:50:00,92561.08,2025-12-10 22:45:00,65.76,9412.88
75,LONG,92513.26,2025-12-10 18:30:00,92186.72,2025-12-10 19:00:00,-36.97,9372.15
76,SHORT,92186.72,2025-12-10 19:00:00,92821.36,2025-12-10 19:10:00,-68.26,9300.14
77,LONG,92821.36,2025-12-10 19:10:00,93418.88,2025-12-10 20:50:00,56.11,9352.53
78,SHORT,93418.88,2025-12-10 20:50:00,92513.26,2025-12-10 22:45:00,86.92,9435.71
79,LONG,92506.49,2025-12-10 18:30:00,92186.72,2025-12-10 19:00:00,-36.37,9395.57
80,SHORT,92186.72,2025-12-10 19:00:00,92807.82,2025-12-10 19:10:00,-67.05,9324.76
81,LONG,92807.82,2025-12-10 19:10:00,93391.79,2025-12-10 20:50:00,54.90,9375.94
82,SHORT,93391.79,2025-12-10 20:50:00,92205.16,2025-12-10 23:30:00,115.37,9487.56
83,LONG,92472.86,2025-12-10 16:15:00,92454.37,2025-12-10 18:50:00,-5.69,9478.08
84,SHORT,92454.37,2025-12-10 18:50:00,92740.56,2025-12-10 19:10:00,-33.13,9441.16
85,LONG,92740.56,2025-12-10 19:10:00,93524.96,2025-12-10 20:20:00,76.02,9513.41
86,SHORT,93524.96,2025-12-10 20:20:00,92205.16,2025-12-10 23:30:00,130.43,9640.04
87,LONG,92466.33,2025-12-10 16:15:00,92447.84,2025-12-10 19:00:00,-5.78,9630.40
88,SHORT,92447.84,2025-12-10 19:00:00,92727.49,2025-12-10 19:10:00,-32.98,9593.57
89,LONG,92727.49,2025-12-10 19:10:00,93492.30,2025-12-10 20:20:00,75.23,9664.97
90,SHORT,93492.30,2025-12-10 20:20:00,92205.16,2025-12-10 23:30:00,129.18,9790.29
