symbol,interval,start,end,method,param,final_balance,return_pct,max_drawdown,win_rate,total_trades,profit_factor,sharpe
BTCUSDT,1m,20240101,20241231,atr,"(14, 1.5)",0.07172891987819306,-0.9999928271080122,0.9999994651656509,0.4159418408412307,77030,1.9907903428808191,
BTCUSDT,1mto5m,20240101,20241231,atr,"(14, 1.5)",2893394.958155173,288.3394958155173,0.10945513178474768,0.45249572383766135,6431,2.0864997753029173,
BTCUSDT,1m,20240101,20241231,atr,"(14, 2.0)",2.4470082087324965,-0.9997552991791269,0.9999789737517452,0.41122345803842264,59340,1.828854357391893,
BTCUSDT,1mto5m,20240101,20241231,atr,"(14, 2.0)",761314.1740334353,75.13141740334353,0.12927762071876261,0.4286368843069874,4365,1.8612520610888017,
BTCUSDT,1m,20240101,20241231,atr,"(14, 2.5)",24.625320575539174,-0.9975374679424461,0.9997587218434947,0.413793834541831,47166,1.7133757453423812,
BTCUSDT,1mto5m,20240101,20241231,atr,"(14, 2.5)",398091.93179593503,38.8091931795935,0.07608915398896482,0.41396988144825375,3121,1.8162941867254614,
BTCUSDT,1m,20240101,20241231,fixed,50,319.8015837863982,-0.9680198416213601,0.9968663368406373,0.39017920135459294,35435,1.6105859158150373,
BTCUSDT,1mto5m,20240101,20241231,fixed,50,1465817779.7249334,146580.77797249335,0.1354053431233668,0.48774795799299886,17140,3.317885884217087,
BTCUSDT,1m,20240101,20241231,fixed,100,5158.050568923672,-0.48419494310763284,0.8571671607256314,0.4070494599204093,14072,1.33922989198936,
BTCUSDT,1mto5m,20240101,20241231,fixed,100,8310902.150186255,830.0902150186255,0.09095350492766772,0.47909929332854234,8349,2.2846626954061766,
BTCUSDT,1m,20240101,20241231,fixed,150,12181.072874715339,0.21810728747153388,0.705103929388807,0.3804767612198695,7509,1.2721844130908222,
BTCUSDT,1mto5m,20240101,20241231,fixed,150,1045444.1424896246,103.54441424896245,0.08999025012289688,0.4363154676992052,4907,1.8874265519874447,
BTCUSDT,1m,20240101,20241231,fixed,200,11265.720080805197,0.12657200808051966,0.5347693142671838,0.3586979496935109,4731,1.2132716205079876,
BTCUSDT,1mto5m,20240101,20241231,fixed,200,263123.60168835067,25.312360168835067,0.1407693005393601,0.40417801998183467,3303,1.7053405935579335,
BTCUSDT,1m,20240101,20241231,fixed,250,12198.447485652028,0.21984474856520284,0.36992921460997097,0.34424695977549113,3207,1.1830689355913033,
BTCUSDT,1mto5m,20240101,20241231,fixed,250,110894.55801250601,10.089455801250601,0.11930547879976644,0.37891617273497036,2362,1.5258612402825422,
BTCUSDT,1m,20240101,20241231,fixed,300,14873.261450173011,0.48732614501730115,0.2219165718905177,0.34428327645051193,2344,1.1990517873593738,
BTCUSDT,1mto5m,20240101,20241231,fixed,300,91480.6754155875,8.14806754155875,0.14461557049429863,0.38346727898966704,1742,1.6410560463156643,
BTCUSDT,1m,20240101,20241231,fixed,350,9088.967832447113,-0.09110321675528867,0.37699941413779375,0.3313253012048193,1826,1.105573270777943,
BTCUSDT,1mto5m,20240101,20241231,fixed,350,52301.301638659745,4.230130163865974,0.21049435222268487,0.3861671469740634,1388,1.4480988776862724,
BTCUSDT,1m,20240101,20241231,fixed,400,12191.5136099966,0.21915136099966004,0.33878782915810485,0.33974358974358976,1404,1.145536146981357,
BTCUSDT,1mto5m,20240101,20241231,fixed,400,34590.26771705893,2.459026771705893,0.19576706715360098,0.3787610619469027,1130,1.4078134312732915,
BTCUSDT,1m,20240101,20241231,fixed,450,11575.583102967483,0.15755831029674827,0.3594156820068075,0.33595113438045376,1146,1.1229661056458298,
BTCUSDT,1mto5m,20240101,20241231,fixed,450,42090.740690056955,3.2090740690056956,0.1700964228840337,0.38169642857142855,896,1.4932391194921035,
BTCUSDT,1m,20240101,20241231,fixed,500,10949.884530507348,0.09498845305073482,0.2871103133851608,0.3291139240506329,948,1.1043592824487811,
BTCUSDT,1mto5m,20240101,20241231,fixed,500,37069.362987497996,2.7069362987498,0.13344168331725245,0.3662162162162162,740,1.4913784263177248,
BTCUSDT,1m,20240101,20241231,percentage,0.003,16960.572524546515,0.6960572524546514,0.3092872822801638,0.35040530582166546,2714,1.2155279671989867,
BTCUSDT,1mto5m,20240101,20241231,percentage,0.003,97783.97255206952,8.778397255206952,0.19595259951454239,0.38146341463414635,2050,1.573281800166842,
BTCUSDT,1m,20240101,20241231,percentage,0.0035,11703.765323911071,0.17037653239110714,0.34493731116606713,0.33301707779886147,2108,1.153976930902413,
BTCUSDT,1mto5m,20240101,20241231,percentage,0.0035,52093.28102212085,4.209328102212085,0.24432676041042248,0.3677379480840544,1618,1.421277224670802,
BTCUSDT,1m,20240101,20241231,percentage,0.004,11732.894586609034,0.17328945866090345,0.26467969249581197,0.33652694610778444,1670,1.1450503024676026,
BTCUSDT,1mto5m,20240101,20241231,percentage,0.004,39394.41717848352,2.939441717848352,0.1305026600711114,0.3704545454545455,1320,1.4366167261111373,
BTCUSDT,1m,20240101,20241231,percentage,0.0045,10826.256047268771,0.0826256047268771,0.38790594176844895,0.3318452380952381,1344,1.117451059394875,
BTCUSDT,1mto5m,20240101,20241231,percentage,0.0045,43695.708392912005,3.3695708392912005,0.1287928089817698,0.37832699619771865,1052,1.4745402514874284,
BTCUSDT,1m,20240101,20241231,percentage,0.005,11165.671486615309,0.11656714866153088,0.2765783068899238,0.33393501805054154,1108,1.1180036269654186,
BTCUSDT,1mto5m,20240101,20241231,percentage,0.005,41446.73318120103,3.144673318120103,0.16602929224270205,0.36981566820276496,868,1.5651827851251554,
BTCUSDT,1m,20240101,20241231,percentage,0.0055,6836.0092543486935,-0.31639907456513067,0.4422398489547059,0.3216494845360825,970,1.0053634748128064,
BTCUSDT,1mto5m,20240101,20241231,percentage,0.0055,32100.090066535045,2.2100090066535047,0.19959291288002304,0.3608108108108108,740,1.4431623826919797,
BTCUSDT,1m,20240101,20241231,log_percentage,0.003,16960.572524546515,0.6960572524546514,0.3092872822801638,0.35040530582166546,2714,1.2155279671989867,
BTCUSDT,1mto5m,20240101,20241231,log_percentage,0.003,97783.97255206952,8.778397255206952,0.19595259951454239,0.38146341463414635,2050,1.573281800166842,
BTCUSDT,1m,20240101,20241231,log_percentage,0.0035,11703.765323911071,0.17037653239110714,0.34493731116606713,0.33301707779886147,2108,1.153976930902413,
BTCUSDT,1mto5m,20240101,20241231,log_percentage,0.0035,52093.28102212085,4.209328102212085,0.24432676041042248,0.3677379480840544,1618,1.421277224670802,
BTCUSDT,1m,20240101,20241231,log_percentage,0.004,11732.894586609034,0.17328945866090345,0.26467969249581197,0.33652694610778444,1670,1.1450503024676026,
BTCUSDT,1mto5m,20240101,20241231,log_percentage,0.004,39394.41717848352,2.939441717848352,0.1305026600711114,0.3704545454545455,1320,1.4366167261111373,
BTCUSDT,1m,20240101,20241231,log_percentage,0.0045,10826.256047268771,0.0826256047268771,0.38790594176844895,0.3318452380952381,1344,1.117451059394875,
BTCUSDT,1mto5m,20240101,20241231,log_percentage,0.0045,43695.708392912005,3.3695708392912005,0.1287928089817698,0.37832699619771865,1052,1.4745402514874284,
BTCUSDT,1m,20240101,20241231,log_percentage,0.005,11165.671486615309,0.11656714866153088,0.2765783068899238,0.33393501805054154,1108,1.1180036269654186,
BTCUSDT,1mto5m,20240101,20241231,log_percentage,0.005,41446.73318120103,3.144673318120103,0.16602929224270205,0.36981566820276496,868,1.5651827851251554,
BTCUSDT,1m,20240101,20241231,log_percentage,0.0055,6836.0092543486935,-0.31639907456513067,0.4422398489547059,0.3216494845360825,970,1.0053634748128064,
BTCUSDT,1mto5m,20240101,20241231,log_percentage,0.0055,32100.090066535045,2.2100090066535047,0.19959291288002304,0.3608108108108108,740,1.4431623826919797,
BTCUSDT,5m,20240101,20241231,atr,"(14, 1.5)",2019809.7969307702,200.98097969307702,0.11303721319124238,0.44812469556746226,6159,2.0211651181017407,
BTCUSDT,5m,20240101,20241231,atr,"(14, 2.0)",652230.8586726391,64.22308586726392,0.08577994410971088,0.42152357920193473,4135,1.8166436142556954,
BTCUSDT,5m,20240101,20241231,atr,"(14, 2.5)",223484.54889347783,21.34845488934778,0.10518578410778653,0.39913592555666333,3009,1.65851695846832,
BTCUSDT,5m,20240101,20241231,fixed,50,1465817779.7249334,146580.77797249335,0.1354053431233668,0.48774795799299886,17140,3.317885884217087,
BTCUSDT,5m,20240101,20241231,fixed,100,8310902.150186255,830.0902150186255,0.09095350492766772,0.47909929332854234,8349,2.2846626954061766,
BTCUSDT,5m,20240101,20241231,fixed,150,1045444.1424896246,103.54441424896245,0.08999025012289688,0.4363154676992052,4907,1.8874265519874447,
BTCUSDT,5m,20240101,20241231,fixed,200,263123.60168835067,25.312360168835067,0.1407693005393601,0.40417801998183467,3303,1.7053405935579335,
BTCUSDT,5m,20240101,20241231,fixed,250,110894.55801250601,10.089455801250601,0.11930547879976644,0.37891617273497036,2362,1.5258612402825422,
BTCUSDT,5m,20240101,20241231,fixed,300,91480.6754155875,8.14806754155875,0.14461557049429863,0.38346727898966704,1742,1.6410560463156643,
BTCUSDT,5m,20240101,20241231,fixed,350,52301.301638659745,4.230130163865974,0.21049435222268487,0.3861671469740634,1388,1.4480988776862724,
BTCUSDT,5m,20240101,20241231,fixed,400,34590.26771705893,2.459026771705893,0.19576706715360098,0.3787610619469027,1130,1.4078134312732915,
BTCUSDT,5m,20240101,20241231,fixed,450,42090.740690056955,3.2090740690056956,0.1700964228840337,0.38169642857142855,896,1.4932391194921035,
BTCUSDT,5m,20240101,20241231,fixed,500,37069.362987497996,2.7069362987498,0.13344168331725245,0.3662162162162162,740,1.4913784263177248,
BTCUSDT,5m,20240101,20241231,percentage,0.003,104585.2473627957,9.45852473627957,0.19221684631740696,0.38393731635651324,2042,1.6011697449683364,
BTCUSDT,5m,20240101,20241231,percentage,0.0035,55417.31956120093,4.541731956120093,0.21363609108438048,0.369727047146402,1612,1.4374877289836776,
BTCUSDT,5m,20240101,20241231,percentage,0.004,38476.263551330434,2.8476263551330434,0.13050275731426556,0.3704545454545455,1320,1.4283467529243914,
BTCUSDT,5m,20240101,20241231,percentage,0.0045,42921.03515130541,3.2921035151305413,0.11550187128622506,0.37855787476280833,1054,1.4745476415887178,
BTCUSDT,5m,20240101,20241231,percentage,0.005,42178.56697189421,3.2178566971894207,0.15139780957546928,0.37066974595842955,866,1.5694649722354208,
BTCUSDT,5m,20240101,20241231,percentage,0.0055,31462.603487830907,2.1462603487830907,0.19960109943222623,0.35983827493261455,742,1.4325657235883111,
BTCUSDT,5m,20240101,20241231,log_percentage,0.003,104585.2473627957,9.45852473627957,0.19221684631740696,0.38393731635651324,2042,1.6011697449683364,
BTCUSDT,5m,20240101,20241231,log_percentage,0.0035,55417.31956120093,4.541731956120093,0.21363609108438048,0.369727047146402,1612,1.4374877289836776,
BTCUSDT,5m,20240101,20241231,log_percentage,0.004,38476.263551330434,2.8476263551330434,0.13050275731426556,0.3704545454545455,1320,1.4283467529243914,
BTCUSDT,5m,20240101,20241231,log_percentage,0.0045,42921.03515130541,3.2921035151305413,0.11550187128622506,0.37855787476280833,1054,1.4745476415887178,
BTCUSDT,5m,20240101,20241231,log_percentage,0.005,42178.56697189421,3.2178566971894207,0.15139780957546928,0.37066974595842955,866,1.5694649722354208,
BTCUSDT,5m,20240101,20241231,log_percentage,0.0055,31462.603487830907,2.1462603487830907,0.19960109943222623,0.35983827493261455,742,1.4325657235883111,
BTCUSDT,15m,20240101,20241231,atr,"(14, 1.5)",209155.3397850925,19.915533978509252,0.0759148807091519,0.41603630862329805,1322,1.9445715266199812,
BTCUSDT,15m,20240101,20241231,atr,"(14, 2.0)",157280.3004466124,14.72803004466124,0.09520746682615173,0.4291044776119403,804,2.226810879799969,
BTCUSDT,15m,20240101,20241231,atr,"(14, 2.5)",86468.92171998374,7.646892171998374,0.07052064659757526,0.42482517482517484,572,2.000675686829726,
BTCUSDT,15m,20240101,20241231,fixed,50,45356224464.696205,4535621.446469621,0.03686374741321341,0.5838995738799954,8683,8.170396512463185,
BTCUSDT,15m,20240101,20241231,fixed,100,101400400.97730467,10139.040097730467,0.05214245933214083,0.545273631840796,5025,3.860420740890943,
BTCUSDT,15m,20240101,20241231,fixed,150,7692460.813682544,768.2460813682544,0.06320406168898594,0.4998438963471745,3203,2.888539089585854,
BTCUSDT,15m,20240101,20241231,fixed,200,1451760.7640675267,144.17607640675266,0.05627361715627412,0.4552701505757307,2258,2.575477626779586,
BTCUSDT,15m,20240101,20241231,fixed,250,462015.3639540816,45.20153639540816,0.08061719919026762,0.4379432624113475,1692,2.170228267008277,
BTCUSDT,15m,20240101,20241231,fixed,300,210824.88193462195,20.082488193462197,0.09521222504863368,0.42255639097744363,1330,1.964971873247783,
BTCUSDT,15m,20240101,20241231,fixed,350,169360.89394346546,15.936089394346546,0.10835706499971702,0.4227005870841487,1022,2.1092562658671867,
BTCUSDT,15m,20240101,20241231,fixed,400,170747.14774952966,16.074714774952966,0.09490811008819248,0.43300248138957814,806,2.185148195607559,
BTCUSDT,15m,20240101,20241231,fixed,450,98797.10521412206,8.879710521412205,0.11612525054958157,0.4067055393586006,686,2.0014671948018328,
BTCUSDT,15m,20240101,20241231,fixed,500,92497.1882943022,8.24971882943022,0.1260144616375984,0.4342560553633218,578,2.0062321114630706,
BTCUSDT,15m,20240101,20241231,percentage,0.003,393566.20317094476,38.356620317094475,0.10952766820755715,0.44049247606019154,1462,2.2126174466404014,
BTCUSDT,15m,20240101,20241231,percentage,0.0035,209318.9716129678,19.93189716129678,0.09915286895095692,0.4221105527638191,1194,1.9582770187494931,
BTCUSDT,15m,20240101,20241231,percentage,0.004,141900.33214544973,13.190033214544973,0.10825815838828001,0.4108606557377049,976,1.9599840027990623,
BTCUSDT,15m,20240101,20241231,percentage,0.0045,130296.2081480404,12.02962081480404,0.12304115580688992,0.41375,800,1.9827742954242273,
BTCUSDT,15m,20240101,20241231,percentage,0.005,87519.4960098774,7.75194960098774,0.1046462142952705,0.4064327485380117,684,1.843213362397667,
BTCUSDT,15m,20240101,20241231,percentage,0.0055,84825.1026095937,7.48251026095937,0.10610602541860824,0.42105263157894735,570,1.928686388758036,
BTCUSDT,15m,20240101,20241231,log_percentage,0.003,393566.20317094476,38.356620317094475,0.10952766820755715,0.44049247606019154,1462,2.2126174466404014,
BTCUSDT,15m,20240101,20241231,log_percentage,0.0035,209318.9716129678,19.93189716129678,0.09915286895095692,0.4221105527638191,1194,1.9582770187494931,
BTCUSDT,15m,20240101,20241231,log_percentage,0.004,141900.33214544973,13.190033214544973,0.10825815838828001,0.4108606557377049,976,1.9599840027990623,
BTCUSDT,15m,20240101,20241231,log_percentage,0.0045,130296.2081480404,12.02962081480404,0.12304115580688992,0.41375,800,1.9827742954242273,
BTCUSDT,15m,20240101,20241231,log_percentage,0.005,87519.4960098774,7.75194960098774,0.1046462142952705,0.4064327485380117,684,1.843213362397667,
BTCUSDT,15m,20240101,20241231,log_percentage,0.0055,84825.7249334,146580.77797249335,0.1354053431233668,0.48774795799299886,17140,3.317885884217087,
BTCUSDT,1m,20250101,20251201,fixed,100,5158.050568923672,-0.48419494310763284,0.8571671607256314,0.4070494599204093,14072,1.33922989198936,
BTCUSDT,1mto5m,20250101,20251201,fixed,100,8310902.150186255,830.0902150186255,0.09095350492766772,0.47909929332854234,8349,2.2846626954061766,
BTCUSDT,1m,20250101,20251201,fixed,150,12181.072874715339,0.21810728747153388,0.705103929388807,0.3804767612198695,7509,1.2721844130908222,
BTCUSDT,1mto5m,20250101,20251201,fixed,150,1045444.1424896246,103.54441424896245,0.08999025012289688,0.4363154676992052,4907,1.8874265519874447,
BTCUSDT,1m,20250101,20251201,fixed,200,11265.720080805197,0.12657200808051966,0.5347693142671838,0.3586979496935109,4731,1.2132716205079876,
BTCUSDT,1mto5m,20250101,20251201,fixed,200,263123.60168835067,25.312360168835067,0.1407693005393601,0.40417801998183467,3303,1.7053405935579335,
BTCUSDT,1m,20250101,20251201,fixed,250,12198.447485652028,0.21984474856520284,0.36992921460997097,0.34424695977549113,3207,1.1830689355913033,
BTCUSDT,1mto5m,20250101,20251201,fixed,250,110894.55801250601,10.089455801250601,0.11930547879976644,0.37891617273497036,2362,1.5258612402825422,
BTCUSDT,1m,20250101,20251201,fixed,300,14873.261450173011,0.48732614501730115,0.2219165718905177,0.34428327645051193,2344,1.1990517873593738,
BTCUSDT,1mto5m,20250101,20251201,fixed,300,91480.6754155875,8.14806754155875,0.14461557049429863,0.38346727898966704,1742,1.6410560463156643,
BTCUSDT,1m,20250101,20251201,fixed,350,9088.967832447113,-0.09110321675528867,0.37699941413779375,0.3313253012048193,1826,1.105573270777943,
BTCUSDT,1mto5m,20250101,20251201,fixed,350,52301.301638659745,4.230130163865974,0.21049435222268487,0.3861671469740634,1388,1.4480988776862724,
BTCUSDT,1m,20250101,20251201,fixed,400,12191.5136099966,0.21915136099966004,0.33878782915810485,0.33974358974358976,1404,1.145536146981357,
BTCUSDT,1mto5m,20250101,20251201,fixed,400,34590.26771705893,2.459026771705893,0.19576706715360098,0.3787610619469027,1130,1.4078134312732915,
BTCUSDT,1m,20250101,20251201,fixed,450,11575.583102967483,0.15755831029674827,0.3594156820068075,0.33595113438045376,1146,1.1229661056458298,
BTCUSDT,1mto5m,20250101,20251201,fixed,450,42090.740690056955,3.2090740690056956,0.1700964228840337,0.38169642857142855,896,1.4932391194921035,
BTCUSDT,1m,20250101,20251201,fixed,500,10949.884530507348,0.09498845305073482,0.2871103133851608,0.3291139240506329,948,1.1043592824487811,
BTCUSDT,1mto5m,20250101,20251201,fixed,500,37069.362987497996,2.7069362987498,0.13344168331725245,0.3662162162162162,740,1.4913784263177248,
BTCUSDT,1m,20250101,20251201,percentage,0.003,16960.57.1026095937,7.48251026095937,0.10610602541860824,0.42105263157894735,570,1.928686388758036,
BTCUSDT,1m,20250101,20251201,atr,"(14, 1.5)",0.07172891987819306,-0.9999928271080122,0.9999994651656509,0.4159418408412307,77030,1.9907903428808191,
BTCUSDT,1mto5m,20250101,20251201,atr,"(14, 1.5)",2893394.958155173,288.3394958155173,0.10945513178474768,0.45249572383766135,6431,2.0864997753029173,
BTCUSDT,1m,20250101,20251201,atr,"(14, 2.0)",2.4470082087324965,-0.9997552991791269,0.9999789737517452,0.41122345803842264,59340,1.828854357391893,
BTCUSDT,1mto5m,20250101,20251201,atr,"(14, 2.0)",761314.1740334353,75.13141740334353,0.12927762071876261,0.4286368843069874,4365,1.8612520610888017,
BTCUSDT,1m,20250101,20251201,atr,"(14, 2.5)",24.625320575539174,-0.9975374679424461,0.9997587218434947,0.413793834541831,47166,1.7133757453423812,
BTCUSDT,1mto5m,20250101,20251201,atr,"(14, 2.5)",398091.93179593503,38.8091931795935,0.07608915398896482,0.41396988144825375,3121,1.8162941867254614,
BTCUSDT,1m,20250101,20251201,fixed,50,319.8015837863982,-0.9680198416213601,0.9968663368406373,0.39017920135459294,35435,1.6105859158150373,
BTCUSDT,1mto5m,20250101,20251201,fixed,50,14658177792524546515,0.6960572524546514,0.3092872822801638,0.35040530582166546,2714,1.2155279671989867,
BTCUSDT,1mto5m,20250101,20251201,percentage,0.003,97783.97255206952,8.778397255206952,0.19595259951454239,0.38146341463414635,2050,1.573281800166842,
BTCUSDT,1m,20250101,20251201,percentage,0.0035,11703.765323911071,0.17037653239110714,0.34493731116606713,0.33301707779886147,2108,1.153976930902413,
BTCUSDT,1mto5m,20250101,20251201,percentage,0.0035,52093.28102212085,4.209328102212085,0.24432676041042248,0.3677379480840544,1618,1.421277224670802,
BTCUSDT,1m,20250101,20251201,percentage,0.004,11732.894586609034,0.17328945866090345,0.26467969249581197,0.33652694610778444,1670,1.1450503024676026,
BTCUSDT,1mto5m,20250101,20251201,percentage,0.004,39394.41717848352,2.939441717848352,0.1305026600711114,0.3704545454545455,1320,1.4366167261111373,
BTCUSDT,1m,20250101,20251201,percentage,0.0045,10826.256047268771,0.0826256047268771,0.38790594176844895,0.3318452380952381,1344,1.117451059394875,
BTCUSDT,1mto5m,20250101,20251201,percentage,0.0045,43695.708392912005,3.3695708392912005,0.1287928089817698,0.37832699619771865,1052,1.4745402514874284,
BTCUSDT,1m,20250101,20251201,percentage,0.005,11165.671486615309,0.11656714866153088,0.2765783068899238,0.33393501805054154,1108,1.1180036269654186,
BTCUSDT,1mto5m,20250101,20251201,percentage,0.005,41446.73318120103,3.144673318120103,0.16602929224270205,0.36981566820276496,868,1.5651827851251554,
BTCUSDT,1m,20250101,20251201,percentage,0.0055,6836.0092543486935,-0.31639907456513067,0.4422398489547059,0.3216494845360825,970,1.0053634748128064,
BTCUSDT,1mto5m,20250101,20251201,percentage,0.0055,32100.090066535045,2.2100090066535047,0.19959291288002304,0.3608108108108108,740,1.4431623826919797,
BTCUSDT,1m,20250101,20251201,log_percentage,0.003,16960.572524546515,0.6960572524546514,0.3092872822801638,0.35040530582166546,2714,1.2155279671989867,
BTCUSDT,1mto5m,20250101,20251201,log_percentage,0.003,97783.97255206952,8.778397255206952,0.19595259951454239,0.38146341463414635,2050,1.573281800166842,
BTCUSDT,1m,20250101,20251201,log_percentage,0.0035,11703.765323911071,0.17037653239110714,0.34493731116606713,0.33301707779886147,2108,1.153976930902413,
BTCUSDT,1mto5m,20250101,20251201,log_percentage,0.0035,52093.28102212085,4.209328102212085,0.24432676041042248,0.3677379480840544,1618,1.421277224670802,
BTCUSDT,1m,20250101,20251201,log_percentage,0.004,11732.894586609034,0.17328945866090345,0.26467969249581197,0.33652694610778444,1670,1.1450503024676026,
BTCUSDT,1mto5m,20250101,20251201,log_percentage,0.004,39394.41717848352,2.939441717848352,0.1305026600711114,0.3704545454545455,1320,1.4366167261111373,
BTCUSDT,1m,20250101,20251201,log_percentage,0.0045,10826.256047268771,0.0826256047268771,0.38790594176844895,0.3318452380952381,1344,1.117451059394875,
BTCUSDT,1mto5m,20250101,20251201,log_percentage,0.0045,43695.708392912005,3.3695708392912005,0.1287928089817698,0.37832699619771865,1052,1.4745402514874284,
BTCUSDT,1m,20250101,20251201,log_percentage,0.005,11165.671486615309,0.11656714866153088,0.2765783068899238,0.33393501805054154,1108,1.1180036269654186,
BTCUSDT,1mto5m,20250101,20251201,log_percentage,0.005,41446.73318120103,3.144673318120103,0.16602929224270205,0.36981566820276496,868,1.5651827851251554,
BTCUSDT,1m,20250101,20251201,log_percentage,0.0055,6836.0092543486935,-0.31639907456513067,0.4422398489547059,0.3216494845360825,970,1.0053634748128064,
BTCUSDT,1mto5m,20250101,20251201,log_percentage,0.0055,32100.090066535045,2.2100090066535047,0.19959291288002304,0.3608108108108108,740,1.4431623826919797,
BTCUSDT,5m,20250101,20251201,atr,"(14, 1.5)",2019809.7969307702,200.98097969307702,0.11303721319124238,0.44812469556746226,6159,2.0211651181017407,
BTCUSDT,5m,20250101,20251201,atr,"(14, 2.0)",652230.8586726391,64.22308586726392,0.08577994410971088,0.42152357920193473,4135,1.8166436142556954,
BTCUSDT,5m,20250101,20251201,atr,"(14, 2.5)",223484.54889347783,21.34845488934778,0.10518578410778653,0.39913592555666333,3009,1.65851695846832,
BTCUSDT,5m,20250101,20251201,fixed,50,1465817779.7249334,146580.77797249335,0.1354053431233668,0.48774795799299886,17140,3.317885884217087,
BTCUSDT,5m,20250101,20251201,fixed,100,8310902.150186255,830.0902150186255,0.09095350492766772,0.47909929332854234,8349,2.2846626954061766,
BTCUSDT,5m,20250101,20251201,fixed,150,1045444.1424896246,103.54441424896245,0.08999025012289688,0.4363154676992052,4907,1.8874265519874447,
BTCUSDT,5m,20250101,20251201,fixed,200,263123.60168835067,25.312360168835067,0.1407693005393601,0.40417801998183467,3303,1.7053405935579335,
BTCUSDT,5m,20250101,20251201,fixed,250,110894.55801250601,10.089455801250601,0.11930547879976644,0.37891617273497036,2362,1.5258612402825422,
BTCUSDT,5m,20250101,20251201,fixed,300,91480.6754155875,8.14806754155875,0.14461557049429863,0.38346727898966704,1742,1.6410560463156643,
BTCUSDT,5m,20250101,20251201,fixed,350,52301.301638659745,4.230130163865974,0.21049435222268487,0.3861671469740634,1388,1.4480988776862724,
BTCUSDT,5m,20250101,20251201,fixed,400,34590.26771705893,2.459026771705893,0.19576706715360098,0.3787610619469027,1130,1.4078134312732915,
BTCUSDT,5m,20250101,20251201,fixed,450,42090.740690056955,3.2090740690056956,0.1700964228840337,0.38169642857142855,896,1.4932391194921035,
BTCUSDT,5m,20250101,20251201,fixed,500,37069.362987497996,2.7069362987498,0.13344168331725245,0.3662162162162162,740,1.4913784263177248,
BTCUSDT,5m,20250101,20251201,percentage,0.003,104585.2473627957,9.45852473627957,0.19221684631740696,0.38393731635651324,2042,1.6011697449683364,
BTCUSDT,5m,20250101,20251201,percentage,0.0035,55417.31956120093,4.541731956120093,0.21363609108438048,0.369727047146402,1612,1.4374877289836776,
BTCUSDT,5m,20250101,20251201,percentage,0.004,38476.263551330434,2.8476263551330434,0.13050275731426556,0.3704545454545455,1320,1.4283467529243914,
BTCUSDT,5m,20250101,20251201,percentage,0.0045,42921.0351,31462.603487830907,2.1462603487830907,0.19960109943222623,0.35983827493261455,742,1.4325657235883111,
BTCUSDT,15m,20250101,20251201,atr,"(14, 1.5)",209155.3397850925,19.915533978509252,0.0759148807091519,0.41603630862329805,1322,1.9445715266199812,
BTCUSDT,15m,20250101,20251201,atr,"(14, 2.0)",157280.3004466124,14.72803004466124,0.09520746682615173,0.4291044776119403,804,2.226810879799969,
BTCUSDT,15m,20250101,20251201,atr,"(14, 2.5)",86468.92171998374,7.646892171998374,0.07052064659757526,0.42482517482517484,572,2.000675686829726,
BTCUSDT,15m,20250101,20251201,fixed,50,45356224464.696205,4535621.446469621,0.03686374741321341,0.5838995738799954,8683,8.170396512463185,
BTCUSDT,15m,20250101,20251201,fixed,100,101400400.97730467,10139.040097730467,0.05214245933214083,0.545273631840796,5025,3.860420740890943,
BTCUSDT,15m,20250101,20251201,fixed,150,7692460.813682544,768.2460813682544,0.06320406168898594,0.4998438963471745,3203,2.888539089585854,
BTCUSDT,15m,20250101,20251201,fixed,200,1451760.7640675267,144.17607640675266,0.05627361715627412,0.4552701505757307,2258,2.575477626779586,
BTCUSDT,15m,20250101,20251201,fixed,250,462015.3639540816,45.20153639540816,0.08061719919026762,0.4379432624113475,1692,2.170228267008277,
BTCUSDT,15m,20250101,20251201,fixed,300,210824.88193462195,20.082488193462197,0.09521222504863368,0.42255639097744363,1330,1.964971873247783,
BTCUSDT,15m,20250101,20251201,fixed,350,169360.89394346546,15.936089394346546,0.10835706499971702,0.4227005870841487,1022,2.1092562658671867,
BTCUSDT,15m,20250101,20251201,fixed,400,170747.14774952966,16.074714774952966,0.09490811008819248,0.43300248138957814,806,2.185148195607559,
BTCUSDT,15m,20250101,20251201,fixed,450,98797.10521412206,8.879710521412205,0.11612525054958157,0.4067055393586006,686,2.0014671948018328,
BTCUSDT,15m,20250101,20251201,fixed,500,92497.1882943022,8.24971882943022,0.1260144616375984,0.4342560553633218,578,2.0062321114630706,
BTCUSDT,15m,20250101,20251201,percentage,0.003,393566.20317094476,38.356620317094475,0.10952766820755715,0.44049247606019154,1462,2.2126174466404014,
BTCUSDT,15m,20250101,20251201,percentage,0.0035,209318.9716129678,19.93189716129678,0.09915286895095692,0.4221105527638191,1194,1.9582770187494931,
BTCUSDT,15m,20250101,20251201,percentage,0.004,141900.33214544973,13.190033214544973,0.10825815838828001,0.4108606557377049,976,1.9599840027990623,
BTCUSDT,15m,20250101,20251201,percentage,0.0045,130296.2081480404,12.02962081480404,0.12304115580688992,0.41375,800,1.9827742954242273,
BTCUSDT,15m,20250101,20251201,percentage,0.005,87519.4960098774,7.75194960098774,0.1046462142952705,0.4064327485380117,684,1.843213362397667,
BTCUSDT,15m,20250101,20251201,percentage,0.0055,84825.1026095937,7.48251026095937,0.10610602541860824,0.42105263157894735,570,1.928686388758036,
BTCUSDT,15m,20250101,20251201,log_percentage,0.003,393566.20317094476,38.356620317094475,0.10952766820755715,0.44049247606019154,1462,2.2126174466404014,
BTCUSDT,15m,20250101,20251201,log_percentage,0.0035,209318.9716129678,19.93189716129678,0.09915286895095692,0.4221105527638191,1194,1.9582770187494931,
BTCUSDT,15m,20250101,20251201,log_percentage,0.004,141900.33214544973,13.190033214544973,0.10825815838828001,0.4108606557377049,976,1.9599840027990623,
BTCUSDT,15m,20250101,20251201,log_percentage,0.0045,130296.2081480404,12.02962081480404,0.12304115580688992,0.41375,800,1.9827742954242273,
BTCUSDT,15m,20250101,20251201,log_percentage,0.005,87519.4960098774,7.75194960098774,0.1046462142952705,0.4064327485380117,684,1.843213362397667,
B5130541,3.2921035151305413,0.11550187128622506,0.37855787476280833,1054,1.4745476415887178,
BTCUSDT,5m,20250101,20251201,percentage,0.005,42178.56697189421,3.2178566971894207,0.15139780957546928,0.37066974595842955,866,1.5694649722354208,
BTCUSDT,5m,20250101,20251201,percentage,0.0055,31462.603487830907,2.1462603487830907,0.19960109943222623,0.35983827493261455,742,1.4325657235883111,
BTCUSDT,5m,20250101,20251201,log_percentage,0.003,104585.2473627957,9.45852473627957,0.19221684631740696,0.38393731635651324,2042,1.6011697449683364,
BTCUSDT,5m,20250101,20251201,log_percentage,0.0035,55417.31956120093,4.541731956120093,0.21363609108438048,0.369727047146402,1612,1.4374877289836776,
BTCUSDT,5m,20250101,20251201,log_percentage,0.004,38476.263551330434,2.8476263551330434,0.13050275731426556,0.3704545454545455,1320,1.4283467529243914,
BTCUSDT,5m,20250101,20251201,log_percentage,0.0045,42921.03515130541,3.2921035151305413,0.11550187128622506,0.37855787476280833,1054,1.4745476415887178,
BTCUSDT,5m,20250101,20251201,log_percentage,0.005,42178.56697189421,3.2178566971894207,0.15139780957546928,0.37066974595842955,866,1.5694649722354208,
BTCUSDT,5m,20250101,20251201,log_percentage,0.0055TCUSDT,15m,20250101,20251201,log_percentage,0.0055,84825.1026095937,7.48251026095937,0.10610602541860824,0.42105263157894735,570,1.928686388758036,
ETHUSDT,1m,20240101,20241231,atr,"(14, 1.5)",1902510410626.296,190251040.06262958,0.7517603574236001,0.4686148168315334,66114,2.351522246007825,
ETHUSDT,1mto5m,20240101,20241231,atr,"(14, 1.5)",3196578421.011702,319656.8421011702,0.08708428866053765,0.4689403166869671,5747,2.8753458220673362,
ETHUSDT,1m,20240101,20241231,atr,"(14, 2.0)",107689936364.85664,10768992.636485664,0.6005904579239295,0.4569667530665143,48997,2.228416604261898,
ETHUSDT,1mto5m,20240101,20241231,atr,"(14, 2.0)",160178499.04024318,16016.849904024319,0.09096147908085231,0.438659793814433,3880,2.5931920120712517,
ETHUSDT,1m,20240101,20241231,atr,"(14, 2.5)",5152147653.62382,515213.76536238205,0.49702092721417196,0.45360283501771886,38095,2.050410208556298,
ETHUSDT,1mto5m,20240101,20241231,atr,"(14, 2.5)",10630257.228496686,1062.0257228496685,0.15395308973340283,0.4104634831460674,2848,2.117572161279906,
ETHUSDT,1m,20240101,20241231,fixed,10,1228926.9120950557,121.89269120950557,0.26131944568076426,0.3699625633120458,4541,1.5525588346996404,
ETHUSDT,1mto5m,20240101,20241231,fixed,10,26792298.51644308,2678.229851644308,0.11585462234363618,0.4164540816326531,3136,2.301858056435492,
ETHUSDT,1m,20240101,20241231,fixed,15,108159.57633654197,9.815957633654197,0.2761637323795668,0.3458225667527993,2322,1.3623473861924014,
ETHUSDT,1mto5m,20240101,20241231,fixed,15,874291.0918997023,86.42910918997023,0.16665839169210203,0.37272727272727274,1760,1.6641539371080059,
ETHUSDT,1m,20240101,20241231,fixed,20,126551.26097391271,11.655126097391271,0.2356502480806922,0.34480234260614934,1366,1.2936437267687977,
ETHUSDT,1mto5m,20240101,20241231,fixed,20,346010.902979645,33.601090297964504,0.2341441261319426,0.37453183520599254,1068,1.5843262875420738,
ETHUSDT,1m,20240101,20241231,fixed,25,42016.66779459619,3.2016667794596194,0.26588007978728206,0.32908704883227174,942,1.203110550911226,
ETHUSDT,1mto5m,20240101,20241231,fixed,25,215247.0669610281,20.524706696102808,0.22237620755745613,0.36731843575418993,716,1.6134452511406876,
ETHUSDT,1m,20240101,20241231,fixed,30,28710.570728672996,1.8710570728672995,0.3824236052536976,0.33284457478005863,682,1.1589141071636315,
ETHUSDT,1mto5m,20240101,20241231,fixed,30,114319.78375196487,10.431978375196488,0.25848774965203036,0.3584905660377358,530,1.430794628109666,
ETHUSDT,1m,20240101,20241231,fixed,35,53915.227236091894,4.39152272360919,0.3521878882133134,0.34303534303534305,481,1.3619681589879125,
ETHUSDT,1mto5m,20240101,20241231,fixed,35,70542.64802043105,6.054264802043105,0.2300963880756174,0.35555555555555557,405,1.4631157381268356,
ETHUSDT,1m,20240101,20241231,fixed,40,17223.9086972687,0.72239086972687,0.47261080945154427,0.314070351758794,398,1.1320058868976643,
ETHUSDT,1mto5m,20240101,20241231,fixed,40,41138.48980982531,3.113848980982531,0.26346347805779347,0.3343465045592705,329,1.3660665969172368,
ETHUSDT,1m,20240101,20241231,fixed,45,25136.54165626202,1.513654165626202,0.28445861256338334,0.32666666666666666,300,1.2742459735937908,
ETHUSDT,1mto5m,20240101,20241231,fixed,45,29925.673122248092,1.9925673122248093,0.3255125096990566,0.3308270676691729,266,1.3209017183534686,
ETHUSDT,1m,20240101,20241231,fixed,50,18428.9201372002,0.8428920137200199,0.41501781737325044,0.3215686274509804,255,1.2093408075492929,
ETHUSDT,1mto5m,20240101,20241231,fixed,50,29704.812009179706,1.9704812009179706,0.297296531428704,0.33031674208144796,221,1.466393228389955,
ETHUSDT,1m,20240101,20241231,percentage,0.003,2556075.7065667226,254.60757065667227,0.18676262314551936,0.3787965616045845,5235,1.5991962713437804,
ETHUSDT,1mto5m,20240101,20241231,percentage,0.003,95761032.09800512,9575.10320980051,0.09615746633878919,0.4373601789709172,3576,2.5789481440321547,
ETHUSDT,1m,20240101,20241231,percentage,0.0035,1063012.533148993,105.3012533148993,0.21732171451629478,0.37147066044684507,4073,1.5330147758687118,
ETHUSDT,1mto5m,20240101,20241231,percentage,0.0035,16685549.412821747,1667.5549412821747,0.12965053434560503,0.41394864677307425,2882,2.2133367920569595,
ETHUSDT,1m,20240101,20241231,percentage,0.004,198474.2168092197,18.847421680921972,0.28630782856945636,0.3487470167064439,3352,1.4207477984862715,
ETHUSDT,1mto5m,20240101,20241231,percentage,0.004,4707569.164880891,469.75691648808913,0.1809397204195008,0.4090909090909091,2398,2.0952351534254166,
ETHUSDT,1m,20240101,20241231,percentage,0.0045,156059.47808729406,14.605947808729406,0.2810826074671178,0.3510948905109489,2740,1.3653032255229829,
ETHUSDT,1mto5m,20240101,20241231,percentage,0.0045,1859976.1248936835,184.99761248936835,0.16796951820309505,0.4,2020,1.9357153019543383,
ETHUSDT,1m,20240101,20241231,percentage,0.005,93864.69482170911,8.386469482170911,0.26900354108222935,0.3405096660808436,2276,1.327432802813295,
ETHUSDT,1mto5m,20240101,20241231,percentage,0.005,887985.4178322292,87.79854178322292,0.20134537686497833,0.370242214532872,1734,1.7195041438003795,
ETHUSDT,1m,20240101,20241231,percentage,0.0055,130539.6197457018,12.05396197457018,0.23625048498873347,0.34615384615384615,1924,1.2914810998306763,
ETHUSDT,1mto5m,20240101,20241231,percentage,0.0055,764015.7820313813,75.40157820313813,0.17224671891067272,0.37517146776406035,1458,1.5611226948291985,
ETHUSDT,1m,20240101,20241231,log_percentage,0.003,2556075.7065667226,254.60757065667227,0.18676262314551936,0.3787965616045845,5235,1.5991962713437804,
ETHUSDT,1mto5m,20240101,20241231,log_percentage,0.003,95761032.09800512,9575.10320980051,0.09615746633878919,0.4373601789709172,3576,2.5789481440321547,
ETHUSDT,1m,20240101,20241231,log_percentage,0.0035,1063012.533148993,105.3012533148993,0.21732171451629478,0.37147066044684507,4073,1.5330147758687118,
ETHUSDT,1mto5m,20240101,20241231,log_percentage,0.0035,16685549.412821747,1667.5549412821747,0.12965053434560503,0.41394864677307425,2882,2.2133367920569595,
ETHUSDT,1m,20240101,20241231,log_percentage,0.004,198474.2168092197,18.847421680921972,0.28630782856945636,0.3487470167064439,3352,1.4207477984862715,
ETHUSDT,1mto5m,20240101,20241231,log_percentage,0.004,4707569.164880891,469.75691648808913,0.1809397204195008,0.4090909090909091,2398,2.0952351534254166,
ETHUSDT,1m,20240101,20241231,log_percentage,0.0045,156059.47808729406,14.605947808729406,0.2810826074671178,0.3510948905109489,2740,1.3653032255229829,
ETHUSDT,1mto5m,20240101,20241231,log_percentage,0.0045,1859976.1248936835,184.99761248936835,0.16796951820309505,0.4,2020,1.9357153019543383,
ETHUSDT,1m,20240101,20241231,log_percentage,0.005,93864.69482170911,8.386469482170911,0.26900354108222935,0.3405096660808436,2276,1.327432802813295,
ETHUSDT,1mto5m,20240101,20241231,log_percentage,0.005,887985.4178322292,87.79854178322292,0.20134537686497833,0.370242214532872,1734,1.7195041438003795,
ETHUSDT,1m,20240101,20241231,log_percentage,0.0055,130539.6197457018,12.05396197457018,0.23625048498873347,0.34615384615384615,1924,1.2914810998306763,
ETHUSDT,1mto5m,20240101,20241231,log_percentage,0.0055,764015.7820313813,75.40157820313813,0.17224671891067272,0.37517146776406035,1458,1.5611226948291985,
ETHUSDT,5m,20240101,20241231,atr,"(14, 1.5)",2031537647.892112,203152.7647892112,0.08351465959891878,0.4648810638696385,5339,2.8457866214869205,
ETHUSDT,5m,20240101,20241231,atr,"(14, 2.0)",93644298.76058652,9363.429876058652,0.10103930641806656,0.43648573027420257,3574,2.583547793029456,
ETHUSDT,5m,20240101,20241231,atr,"(14, 2.5)",7921588.523511853,791.1588523511853,0.18156629094111906,0.40788476118271416,2638,2.13142428620558,
ETHUSDT,5m,20240101,20241231,fixed,10,26792298.51644308,2678.229851644308,0.11585462234363618,0.4164540816326531,3136,2.301858056435492,
ETHUSDT,5m,20240101,20241231,fixed,15,874291.0918997023,86.42910918997023,0.16665839169210203,0.37272727272727274,1760,1.6641539371080059,
ETHUSDT,5m,20240101,20241231,fixed,20,346010.902979645,33.601090297964504,0.2341441261319426,0.37453183520599254,1068,1.5843262875420738,
ETHUSDT,5m,20240101,20241231,fixed,25,215247.0669610281,20.524706696102808,0.22237620755745613,0.36731843575418993,716,1.6134452511406876,
ETHUSDT,5m,20240101,20241231,fixed,30,114319.78375196487,10.431978375196488,0.25848774965203036,0.3584905660377358,530,1.430794628109666,
ETHUSDT,5m,20240101,20241231,fixed,35,70542.64802043105,6.054264802043105,0.2300963880756174,0.35555555555555557,405,1.4631157381268356,
ETHUSDT,5m,20240101,20241231,fixed,40,41138.48980982531,3.113848980982531,0.26346347805779347,0.3343465045592705,329,1.3660665969172368,
ETHUSDT,5m,20240101,20241231,fixed,45,29925.673122248092,1.9925673122248093,0.3255125096990566,0.3308270676691729,266,1.3209017183534686,
ETHUSDT,5m,20240101,20241231,fixed,50,29704.812009179706,1.9704812009179706,0.297296531428704,0.33031674208144796,221,1.466393228389955,
ETHUSDT,5m,20240101,20241231,percentage,0.003,96345754.13478076,9633.575413478076,0.09636631542268545,0.4316526610644258,3570,2.679550052766382,
ETHUSDT,5m,20240101,20241231,percentage,0.0035,13120299.960907996,1311.0299960907996,0.12504548787746705,0.41046831955922863,2904,2.119055652440013,
ETHUSDT,5m,20240101,20241231,percentage,0.004,4199234.843496193,418.92348434961934,0.16610221047250204,0.4071606994171524,2402,2.0753221077602406,
ETHUSDT,5m,20240101,20241231,percentage,0.0045,1462727.6720412457,145.27276720412456,0.16880510549226055,0.3923988153998026,2026,1.8574615563295636,
ETHUSDT,5m,20240101,20241231,percentage,0.005,850278.3367504324,84.02783367504324,0.20433013242290876,0.367816091954023,1740,1.681410155305495,
ETHUSDT,5m,20240101,20241231,percentage,0.0055,675828.0368371885,66.58280368371885,0.19605318165046956,0.3737997256515775,1458,1.5678832941619598,
ETHUSDT,5m,20240101,20241231,log_percentage,0.003,96345754.13478076,9633.575413478076,0.09636631542268545,0.4316526610644258,3570,2.679550052766382,
ETHUSDT,5m,20240101,20241231,log_percentage,0.0035,13120299.960907996,1311.0299960907996,0.12504548787746705,0.41046831955922863,2904,2.119055652440013,
ETHUSDT,5m,20240101,20241231,log_percentage,0.004,4199234.843496193,418.92348434961934,0.16610221047250204,0.4071606994171524,2402,2.0753221077602406,
ETHUSDT,5m,20240101,20241231,log_percentage,0.0045,1462727.6720412457,145.27276720412456,0.16880510549226055,0.3923988153998026,2026,1.8574615563295636,
ETHUSDT,5m,20240101,20241231,log_percentage,0.005,850278.3367504324,84.02783367504324,0.20433013242290876,0.367816091954023,1740,1.681410155305495,
ETHUSDT,5m,20240101,20241231,log_percentage,0.0055,675828.0368371885,66.58280368371885,0.19605318165046956,0.3737997256515775,1458,1.5678832941619598,
ETHUSDT,15m,20240101,20241231,atr,"(14, 1.5)",3083957.647808749,307.3957647808749,0.16219449772565556,0.4058219178082192,1168,2.0779946803792066,
ETHUSDT,15m,20240101,20241231,atr,"(14, 2.0)",859560.606314471,84.9560606314471,0.19699128770883106,0.4184491978609626,748,1.9846858868138324,
ETHUSDT,15m,20240101,20241231,atr,"(14, 2.5)",271964.96018536174,26.196496018536173,0.2681294821457795,0.3985239852398524,542,1.8339688094872,
ETHUSDT,15m,20240101,20241231,fixed,10,91344653.62813061,9133.465362813062,0.14099909699414723,0.4596774193548387,2232,2.953709452376849,
ETHUSDT,15m,20240101,20241231,fixed,15,7696988.313489912,768.6988313489912,0.144198668126063,0.4273021001615509,1238,2.298965354137227,
ETHUSDT,15m,20240101,20241231,fixed,20,1267638.8202457274,125.76388202457274,0.15145961644920466,0.42317073170731706,820,2.0622623183500046,
ETHUSDT,15m,20240101,20241231,fixed,25,307870.6392053128,29.78706392053128,0.2206366396275254,0.3920265780730897,602,1.9023801005776877,
ETHUSDT,15m,20240101,20241231,fixed,30,215948.1240572784,20.59481240572784,0.2720936907782068,0.38148984198645597,443,1.830920025222462,
ETHUSDT,15m,20240101,20241231,fixed,35,146342.03213549007,13.634203213549007,0.21769748287439408,0.39104477611940297,335,1.8852900444499374,
ETHUSDT,15m,20240101,20241231,fixed,40,63989.30157640422,5.3989301576404225,0.2496453794898689,0.3710247349823322,283,1.7147178983378961,
ETHUSDT,15m,20240101,20241231,fixed,45,43335.433492450815,3.3335433492450814,0.3482079243712128,0.3695652173913043,230,1.6752803432087624,
ETHUSDT,15m,20240101,20241231,fixed,50,24156.08355695695,1.415608355695695,0.418657876638241,0.33816425120772947,207,1.3759252895421714,
ETHUSDT,15m,20240101,20241231,percentage,0.003,250372350.49951196,25036.235049951196,0.09562041606701431,0.4612605379365717,2491,3.1078018225629425,
ETHUSDT,15m,20240101,20241231,percentage,0.0035,56457534.16358828,5644.753416358828,0.11781631762168158,0.45365853658536587,2050,2.7327232296956354,
ETHUSDT,15m,20240101,20241231,percentage,0.004,23510622.756472446,2350.0622756472444,0.1187884619563455,0.4383078730904818,1702,2.8353501362558324,
ETHUSDT,15m,20240101,20241231,percentage,0.0045,11193629.47260705,1118.362947260705,0.14633914565635797,0.4233983286908078,1436,2.3438157741339767,
ETHUSDT,15m,20240101,20241231,percentage,0.005,3703533.7843984854,369.35337843984854,0.1594052310446701,0.4110236220472441,1270,2.032903270784367,
ETHUSDT,15m,20240101,20241231,percentage,0.0055,4522549.641777997,451.2549641777997,0.17392966285117947,0.4289772727272727,1056,2.3705088701661947,
ETHUSDT,15m,20240101,20241231,log_percentage,0.003,250372350.49951196,25036.235049951196,0.09562041606701431,0.4612605379365717,2491,3.1078018225629425,
ETHUSDT,15m,20240101,20241231,log_percentage,0.0035,56457534.16358828,5644.753416358828,0.11781631762168158,0.45365853658536587,2050,2.7327232296956354,
ETHUSDT,15m,20240101,20241231,log_percentage,0.004,23510622.756472446,2350.0622756472444,0.1187884619563455,0.4383078730904818,1702,2.8353501362558324,
ETHUSDT,15m,20240101,20241231,log_percentage,0.0045,11193629.47260705,1118.362947260705,0.14633914565635797,0.4233983286908078,1436,2.3438157741339767,
ETHUSDT,15m,20240101,20241231,log_percentage,0.005,3703533.7843984854,369.35337843984854,0.1594052310446701,0.4110236220472441,1270,2.032903270784367,
ETHUSDT,15m,20240101,20241231,log_percentage,0.0055,4522549.641777997,451.2549641777997,0.17392966285117947,0.4289772727272727,1056,2.3705088701661947,
ETHUSDT,1m,20250101,20251201,atr,"(14, 1.5)",1902510410626.296,190251040.06262958,0.7517603574236001,0.4686148168315334,66114,2.351522246007825,
ETHUSDT,1mto5m,20250101,20251201,atr,"(14, 1.5)",3196578421.011702,319656.8421011702,0.08708428866053765,0.4689403166869671,5747,2.8753458220673362,
ETHUSDT,1m,20250101,20251201,atr,"(14, 2.0)",107689936364.85664,10768992.636485664,0.6005904579239295,0.4569667530665143,48997,2.228416604261898,
ETHUSDT,1mto5m,20250101,20251201,atr,"(14, 2.0)",160178499.04024318,16016.849904024319,0.09096147908085231,0.438659793814433,3880,2.5931920120712517,
ETHUSDT,1m,20250101,20251201,atr,"(14, 2.5)",5152147653.62382,515213.76536238205,0.49702092721417196,0.45360283501771886,38095,2.050410208556298,
ETHUSDT,1mto5m,20250101,20251201,atr,"(14, 2.5)",10630257.228496686,1062.0257228496685,0.15395308973340283,0.4104634831460674,2848,2.117572161279906,
ETHUSDT,1m,20250101,20251201,fixed,10,1228926.9120950557,121.89269120950557,0.26131944568076426,0.3699625633120458,4541,1.5525588346996404,
ETHUSDT,1mto5m,20250101,20251201,fixed,10,26792298.51644308,2678.229851644308,0.11585462234363618,0.4164540816326531,3136,2.301858056435492,
ETHUSDT,1m,20250101,20251201,fixed,15,108159.57633654197,9.815957633654197,0.2761637323795668,0.3458225667527993,2322,1.3623473861924014,
ETHUSDT,1mto5m,20250101,20251201,fixed,15,874291.0918997023,86.42910918997023,0.16665839169210203,0.37272727272727274,1760,1.6641539371080059,
ETHUSDT,1m,20250101,20251201,fixed,20,126551.26097391271,11.655126097391271,0.2356502480806922,0.34480234260614934,1366,1.2936437267687977,
ETHUSDT,1mto5m,20250101,20251201,fixed,20,346010.902979645,33.601090297964504,0.2341441261319426,0.37453183520599254,1068,1.5843262875420738,
ETHUSDT,1m,20250101,20251201,fixed,25,42016.66779459619,3.2016667794596194,0.26588007978728206,0.32908704883227174,942,1.203110550911226,
ETHUSDT,1mto5m,20250101,20251201,fixed,25,215247.0669610281,20.524706696102808,0.22237620755745613,0.36731843575418993,716,1.6134452511406876,
ETHUSDT,1m,20250101,20251201,fixed,30,28710.570728672996,1.8710570728672995,0.3824236052536976,0.33284457478005863,682,1.1589141071636315,
ETHUSDT,1mto5m,20250101,20251201,fixed,30,114319.78375196487,10.431978375196488,0.25848774965203036,0.3584905660377358,530,1.430794628109666,
ETHUSDT,1m,20250101,20251201,fixed,35,53915.227236091894,4.39152272360919,0.3521878882133134,0.34303534303534305,481,1.3619681589879125,
ETHUSDT,1mto5m,20250101,20251201,fixed,35,70542.64802043105,6.054264802043105,0.2300963880756174,0.35555555555555557,405,1.4631157381268356,
ETHUSDT,1m,20250101,20251201,fixed,40,17223.9086972687,0.72239086972687,0.47261080945154427,0.314070351758794,398,1.1320058868976643,
ETHUSDT,1mto5m,20250101,20251201,fixed,40,41138.48980982531,3.113848980982531,0.26346347805779347,0.3343465045592705,329,1.3660665969172368,
ETHUSDT,1m,20250101,20251201,fixed,45,25136.54165626202,1.513654165626202,0.28445861256338334,0.32666666666666666,300,1.2742459735937908,
ETHUSDT,1mto5m,20250101,20251201,fixed,45,29925.673122248092,1.9925673122248093,0.3255125096990566,0.3308270676691729,266,1.3209017183534686,
ETHUSDT,1m,20250101,20251201,fixed,50,18428.9201372002,0.8428920137200199,0.41501781737325044,0.3215686274509804,255,1.2093408075492929,
ETHUSDT,1mto5m,20250101,20251201,fixed,50,29704.812009179706,1.9704812009179706,0.297296531428704,0.33031674208144796,221,1.466393228389955,
ETHUSDT,1m,20250101,20251201,percentage,0.003,2556075.7065667226,254.60757065667227,0.18676262314551936,0.3787965616045845,5235,1.5991962713437804,
ETHUSDT,1mto5m,20250101,20251201,percentage,0.003,95761032.09800512,9575.10320980051,0.09615746633878919,0.4373601789709172,3576,2.5789481440321547,
ETHUSDT,1m,20250101,20251201,percentage,0.0035,1063012.533148993,105.3012533148993,0.21732171451629478,0.37147066044684507,4073,1.5330147758687118,
ETHUSDT,1mto5m,20250101,20251201,percentage,0.0035,16685549.412821747,1667.5549412821747,0.12965053434560503,0.41394864677307425,2882,2.2133367920569595,
ETHUSDT,1m,20250101,20251201,percentage,0.004,198474.2168092197,18.847421680921972,0.28630782856945636,0.3487470167064439,3352,1.4207477984862715,
ETHUSDT,1mto5m,20250101,20251201,percentage,0.004,4707569.164880891,469.75691648808913,0.1809397204195008,0.4090909090909091,2398,2.0952351534254166,
ETHUSDT,1m,20250101,20251201,percentage,0.0045,156059.47808729406,14.605947808729406,0.2810826074671178,0.3510948905109489,2740,1.3653032255229829,
ETHUSDT,1mto5m,20250101,20251201,percentage,0.0045,1859976.1248936835,184.99761248936835,0.16796951820309505,0.4,2020,1.9357153019543383,
ETHUSDT,1m,20250101,20251201,percentage,0.005,93864.69482170911,8.386469482170911,0.26900354108222935,0.3405096660808436,2276,1.327432802813295,
ETHUSDT,1mto5m,20250101,20251201,percentage,0.005,887985.4178322292,87.79854178322292,0.20134537686497833,0.370242214532872,1734,1.7195041438003795,
ETHUSDT,1m,20250101,20251201,percentage,0.0055,130539.6197457018,12.05396197457018,0.23625048498873347,0.34615384615384615,1924,1.2914810998306763,
ETHUSDT,1mto5m,20250101,20251201,percentage,0.0055,764015.7820313813,75.40157820313813,0.17224671891067272,0.37517146776406035,1458,1.5611226948291985,
ETHUSDT,1m,20250101,20251201,log_percentage,0.003,2556075.7065667226,254.60757065667227,0.18676262314551936,0.3787965616045845,5235,1.5991962713437804,
ETHUSDT,1mto5m,20250101,20251201,log_percentage,0.003,95761032.09800512,9575.10320980051,0.09615746633878919,0.4373601789709172,3576,2.5789481440321547,
ETHUSDT,1m,20250101,20251201,log_percentage,0.0035,1063012.533148993,105.3012533148993,0.21732171451629478,0.37147066044684507,4073,1.5330147758687118,
ETHUSDT,1mto5m,20250101,20251201,log_percentage,0.0035,16685549.412821747,1667.5549412821747,0.12965053434560503,0.41394864677307425,2882,2.2133367920569595,
ETHUSDT,1m,20250101,20251201,log_percentage,0.004,198474.2168092197,18.847421680921972,0.28630782856945636,0.3487470167064439,3352,1.4207477984862715,
ETHUSDT,1mto5m,20250101,20251201,log_percentage,0.004,4707569.164880891,469.75691648808913,0.1809397204195008,0.4090909090909091,2398,2.0952351534254166,
ETHUSDT,1m,20250101,20251201,log_percentage,0.0045,156059.47808729406,14.605947808729406,0.2810826074671178,0.3510948905109489,2740,1.3653032255229829,
ETHUSDT,1mto5m,20250101,20251201,log_percentage,0.0045,1859976.1248936835,184.99761248936835,0.16796951820309505,0.4,2020,1.9357153019543383,
ETHUSDT,1m,20250101,20251201,log_percentage,0.005,93864.69482170911,8.386469482170911,0.26900354108222935,0.3405096660808436,2276,1.327432802813295,
ETHUSDT,1mto5m,20250101,20251201,log_percentage,0.005,887985.4178322292,87.79854178322292,0.20134537686497833,0.370242214532872,1734,1.7195041438003795,
ETHUSDT,1m,20250101,20251201,log_percentage,0.0055,130539.6197457018,12.05396197457018,0.23625048498873347,0.34615384615384615,1924,1.2914810998306763,
ETHUSDT,1mto5m,20250101,20251201,log_percentage,0.0055,764015.7820313813,75.40157820313813,0.17224671891067272,0.37517146776406035,1458,1.5611226948291985,
ETHUSDT,5m,20250101,20251201,atr,"(14, 1.5)",2031537647.892112,203152.7647892112,0.08351465959891878,0.4648810638696385,5339,2.8457866214869205,
ETHUSDT,5m,20250101,20251201,atr,"(14, 2.0)",93644298.76058652,9363.429876058652,0.10103930641806656,0.43648573027420257,3574,2.583547793029456,
ETHUSDT,5m,20250101,20251201,atr,"(14, 2.5)",7921588.523511853,791.1588523511853,0.18156629094111906,0.40788476118271416,2638,2.13142428620558,
ETHUSDT,5m,20250101,20251201,fixed,10,26792298.51644308,2678.229851644308,0.11585462234363618,0.4164540816326531,3136,2.301858056435492,
ETHUSDT,5m,20250101,20251201,fixed,15,874291.0918997023,86.42910918997023,0.16665839169210203,0.37272727272727274,1760,1.6641539371080059,
ETHUSDT,5m,20250101,20251201,fixed,20,346010.902979645,33.601090297964504,0.2341441261319426,0.37453183520599254,1068,1.5843262875420738,
ETHUSDT,5m,20250101,20251201,fixed,25,215247.0669610281,20.524706696102808,0.22237620755745613,0.36731843575418993,716,1.6134452511406876,
ETHUSDT,5m,20250101,20251201,fixed,30,114319.78375196487,10.431978375196488,0.25848774965203036,0.3584905660377358,530,1.430794628109666,
ETHUSDT,5m,20250101,20251201,fixed,35,70542.64802043105,6.054264802043105,0.2300963880756174,0.35555555555555557,405,1.4631157381268356,
ETHUSDT,5m,20250101,20251201,fixed,40,41138.48980982531,3.113848980982531,0.26346347805779347,0.3343465045592705,329,1.3660665969172368,
ETHUSDT,5m,20250101,20251201,fixed,45,29925.673122248092,1.9925673122248093,0.3255125096990566,0.3308270676691729,266,1.3209017183534686,
ETHUSDT,5m,20250101,20251201,fixed,50,29704.812009179706,1.9704812009179706,0.297296531428704,0.33031674208144796,221,1.466393228389955,
ETHUSDT,5m,20250101,20251201,percentage,0.003,96345754.13478076,9633.575413478076,0.09636631542268545,0.4316526610644258,3570,2.679550052766382,
ETHUSDT,5m,20250101,20251201,percentage,0.0035,13120299.960907996,1311.0299960907996,0.12504548787746705,0.41046831955922863,2904,2.119055652440013,
ETHUSDT,5m,20250101,20251201,percentage,0.004,4199234.843496193,418.92348434961934,0.16610221047250204,0.4071606994171524,2402,2.0753221077602406,
ETHUSDT,5m,20250101,20251201,percentage,0.0045,1462727.6720412457,145.27276720412456,0.16880510549226055,0.3923988153998026,2026,1.8574615563295636,
ETHUSDT,5m,20250101,20251201,percentage,0.005,850278.3367504324,84.02783367504324,0.20433013242290876,0.367816091954023,1740,1.681410155305495,
ETHUSDT,5m,20250101,20251201,percentage,0.0055,675828.0368371885,66.58280368371885,0.19605318165046956,0.3737997256515775,1458,1.5678832941619598,
ETHUSDT,5m,20250101,20251201,log_percentage,0.003,96345754.13478076,9633.575413478076,0.09636631542268545,0.4316526610644258,3570,2.679550052766382,
ETHUSDT,5m,20250101,20251201,log_percentage,0.0035,13120299.960907996,1311.0299960907996,0.12504548787746705,0.41046831955922863,2904,2.119055652440013,
ETHUSDT,5m,20250101,20251201,log_percentage,0.004,4199234.843496193,418.92348434961934,0.16610221047250204,0.4071606994171524,2402,2.0753221077602406,
ETHUSDT,5m,20250101,20251201,log_percentage,0.0045,1462727.6720412457,145.27276720412456,0.16880510549226055,0.3923988153998026,2026,1.8574615563295636,
ETHUSDT,5m,20250101,20251201,log_percentage,0.005,850278.3367504324,84.02783367504324,0.20433013242290876,0.367816091954023,1740,1.681410155305495,
ETHUSDT,5m,20250101,20251201,log_percentage,0.0055,675828.0368371885,66.58280368371885,0.19605318165046956,0.3737997256515775,1458,1.5678832941619598,
ETHUSDT,15m,20250101,20251201,atr,"(14, 1.5)",3083957.647808749,307.3957647808749,0.16219449772565556,0.4058219178082192,1168,2.0779946803792066,
ETHUSDT,15m,20250101,20251201,atr,"(14, 2.0)",859560.606314471,84.9560606314471,0.19699128770883106,0.4184491978609626,748,1.9846858868138324,
ETHUSDT,15m,20250101,20251201,atr,"(14, 2.5)",271964.96018536174,26.196496018536173,0.2681294821457795,0.3985239852398524,542,1.8339688094872,
ETHUSDT,15m,20250101,20251201,fixed,10,91344653.62813061,9133.465362813062,0.14099909699414723,0.4596774193548387,2232,2.953709452376849,
ETHUSDT,15m,20250101,20251201,fixed,15,7696988.313489912,768.6988313489912,0.144198668126063,0.4273021001615509,1238,2.298965354137227,
ETHUSDT,15m,20250101,20251201,fixed,20,1267638.8202457274,125.76388202457274,0.15145961644920466,0.42317073170731706,820,2.0622623183500046,
ETHUSDT,15m,20250101,20251201,fixed,25,307870.6392053128,29.78706392053128,0.2206366396275254,0.3920265780730897,602,1.9023801005776877,
ETHUSDT,15m,20250101,20251201,fixed,30,215948.1240572784,20.59481240572784,0.2720936907782068,0.38148984198645597,443,1.830920025222462,
ETHUSDT,15m,20250101,20251201,fixed,35,146342.03213549007,13.634203213549007,0.21769748287439408,0.39104477611940297,335,1.8852900444499374,
ETHUSDT,15m,20250101,20251201,fixed,40,63989.30157640422,5.3989301576404225,0.2496453794898689,0.3710247349823322,283,1.7147178983378961,
ETHUSDT,15m,20250101,20251201,fixed,45,43335.433492450815,3.3335433492450814,0.3482079243712128,0.3695652173913043,230,1.6752803432087624,
ETHUSDT,15m,20250101,20251201,fixed,50,24156.08355695695,1.415608355695695,0.418657876638241,0.33816425120772947,207,1.3759252895421714,
ETHUSDT,15m,20250101,20251201,percentage,0.003,250372350.49951196,25036.235049951196,0.09562041606701431,0.4612605379365717,2491,3.1078018225629425,
ETHUSDT,15m,20250101,20251201,percentage,0.0035,56457534.16358828,5644.753416358828,0.11781631762168158,0.45365853658536587,2050,2.7327232296956354,
ETHUSDT,15m,20250101,20251201,percentage,0.004,23510622.756472446,2350.0622756472444,0.1187884619563455,0.4383078730904818,1702,2.8353501362558324,
ETHUSDT,15m,20250101,20251201,percentage,0.0045,11193629.47260705,1118.362947260705,0.14633914565635797,0.4233983286908078,1436,2.3438157741339767,
ETHUSDT,15m,20250101,20251201,percentage,0.005,3703533.7843984854,369.35337843984854,0.1594052310446701,0.4110236220472441,1270,2.032903270784367,
ETHUSDT,15m,20250101,20251201,percentage,0.0055,4522549.641777997,451.2549641777997,0.17392966285117947,0.4289772727272727,1056,2.3705088701661947,
ETHUSDT,15m,20250101,20251201,log_percentage,0.003,250372350.49951196,25036.235049951196,0.09562041606701431,0.4612605379365717,2491,3.1078018225629425,
ETHUSDT,15m,20250101,20251201,log_percentage,0.0035,56457534.16358828,5644.753416358828,0.11781631762168158,0.45365853658536587,2050,2.7327232296956354,
ETHUSDT,15m,20250101,20251201,log_percentage,0.004,23510622.756472446,2350.0622756472444,0.1187884619563455,0.4383078730904818,1702,2.8353501362558324,
ETHUSDT,15m,20250101,20251201,log_percentage,0.0045,11193629.47260705,1118.362947260705,0.14633914565635797,0.4233983286908078,1436,2.3438157741339767,
ETHUSDT,15m,20250101,20251201,log_percentage,0.005,3703533.7843984854,369.35337843984854,0.1594052310446701,0.4110236220472441,1270,2.032903270784367,
ETHUSDT,15m,20250101,20251201,log_percentage,0.0055,4522549.641777997,451.2549641777997,0.17392966285117947,0.4289772727272727,1056,2.3705088701661947,
